system,complex,replica,trp4_thr22_backbone_O_pct,trp4_thr22_sidechain_OG1_pct
cstx2_kv42,CsTx2-Kv4.2,1,0.0,27.9302
cstx2_kv42,CsTx2-Kv4.2,2,0.0,0.9975
cstx2_kv42,CsTx2-Kv4.2,3,0.0,0.0
cstx2_kv42,CsTx2-Kv4.2,4,0.0,0.0
cstx2_kv42,CsTx2-Kv4.2,5,0.0,41.8953
cstx2_kv42,CsTx2-Kv4.2,6,0.0,0.4988
cstx2_kv42,CsTx2-Kv4.2,7,0.0,0.0
cstx2_kv42,CsTx2-Kv4.2,8,0.0,0.0
cstx3_kv42,CsTx3-Kv4.2,1,0.0,0.0
cstx3_kv42,CsTx3-Kv4.2,2,0.0,0.0
cstx3_kv42,CsTx3-Kv4.2,3,0.0,0.0
cstx3_kv42,CsTx3-Kv4.2,4,0.0,0.0
cstx3_kv42,CsTx3-Kv4.2,5,0.0,0.0
cstx3_kv42,CsTx3-Kv4.2,6,0.0,0.0
cstx3_kv42,CsTx3-Kv4.2,7,0.0,0.0
cstx3_kv42,CsTx3-Kv4.2,8,0.0,0.0
cstx2_kv43,CsTx2-Kv4.3,1,81.0474,1.4963
cstx2_kv43,CsTx2-Kv4.3,2,63.0923,4.7382
cstx2_kv43,CsTx2-Kv4.3,3,45.8853,0.2494
cstx2_kv43,CsTx2-Kv4.3,4,5.2369,51.1222
cstx2_kv43,CsTx2-Kv4.3,5,51.1222,0.0
cstx2_kv43,CsTx2-Kv4.3,6,26.6833,18.9526
cstx2_kv43,CsTx2-Kv4.3,7,80.798,0.2494
cstx2_kv43,CsTx2-Kv4.3,8,76.0598,0.2494
cstx3_kv43,CsTx3-Kv4.3,1,89.0274,0.0
cstx3_kv43,CsTx3-Kv4.3,2,41.8953,1.4963
cstx3_kv43,CsTx3-Kv4.3,3,85.7855,0.0
cstx3_kv43,CsTx3-Kv4.3,4,79.5511,0.0
cstx3_kv43,CsTx3-Kv4.3,5,2.9925,0.0
cstx3_kv43,CsTx3-Kv4.3,6,31.6708,0.0
cstx3_kv43,CsTx3-Kv4.3,7,78.5536,1.7456
cstx3_kv43,CsTx3-Kv4.3,8,40.8978,0.0
